image,title,width,height
01-cover.png,让 Hermes 帮你把论文带回家,1200,1800
02-who.png,认识一下我的文献工作方式,1200,2189
03-route.png,一篇论文的“回家路线”,1200,2142
04-prepare.png,开始前，先准备好这四样,1200,2057
05-install.png,第一步：安装 Hermes,1200,2206
06-model.png,第二步：选模型并完成登录,1200,2380
07-tools.png,第三步：启用查找与文件工具,1200,2274
08-workspace.png,第四步：建好论文工作文件夹,1200,2462
09-preflight.png,第五步：先检查，再找论文,1200,2618
10-record.png,先认识目标，再点全文入口,1200,2004
11-download.png,第六步：下载第一篇论文,1200,2339
12-result.png,看到“已完成”后，再花一分钟验收文件,1200,2144
13-medical.png,换成医学文献，入口怎么走？,1200,2333
14-list.png,有一串文献？先核对身份，再去重,1200,2752
15-batch.png,清单有几十篇？先分批，再继续,1200,2248
16-topic.png,还没列出论文？可以从主题开始找,1200,2168
17-check.png,PDF 验收，四道关一起过,1200,2268
18-archive.png,论文下好以后，怎样让以后还能找到？,1200,2435
19-errors.png,遇到问题，沿着这条线索排查,1200,1980
20-finish.png,你已经拿到一张文献工作路线图,1200,2586